{"is_source_file": false, "format": "", "description": "", "external_files": [], "external_methods": [], "published": [], "classes": [], "methods": [], "calls": [], "search-terms": [], "state": 2, "file_id": 1, "knowledge_revision": 14, "git_revision": "88e4b6f04b414d9d471b224fdb201012bab06e00", "hash": "4dd6b7836bfe482228a2c82a434e2842", "format-version": 4, "code-base-name": "tic_tac_toe_frontend", "filename": "README.md", "revision_history": [{"14": "88e4b6f04b414d9d471b224fdb201012bab06e00"}]}